transaction_id,user_id,amount,payee_id,risk_score_100,risk_level,is_legitimate,label,timestamp,notes
af376e0c-8d4d-4c93-8093-77c112d64647,radhyeshyamlahoti7_1790333205426,10000,ram,78,HIGH,true,0,2026-09-25T19:55:48.788Z,""
6c0f8b20-050a-4cf6-b923-e2f1eb1e9c1d,radhyeshyamlahoti7_1790333205426,100,rom,35,MEDIUM,true,0,2026-09-26T05:12:20.713Z,""
70131e6a-9794-4430-96c4-c1c224774057,radhyeshyamlahoti7_1790333205426,500,pranav,40,MEDIUM,true,0,2026-09-26T05:13:37.503Z,""
a0da07a5-d178-475f-8121-8720f09eaf76,radhyeshyamlahoti7_1790333205426,10000,kumar,88,HIGH,true,0,2026-09-26T05:39:02.968Z,""
bbb0d056-32bb-4588-a430-00173cb75fb6,kumar_1790407339329,10000,radhye,75,HIGH,true,0,2026-09-26T07:26:07.295Z,""
5c0b6a40-e844-4200-adb7-b3606fd6cdc2,pranav_1790443116624,10000,kumar,79,HIGH,true,0,2026-09-26T17:22:34.904Z,""
30647302-13e3-4d68-bba6-146f0f0e9fd2,pranav_1790443116624,100000,shreeyash@axl,81,HIGH,true,0,2026-09-26T17:37:37.029Z,""
3d4268a2-26db-4bde-bd62-659941492f7d,pranav_1790443116624,100000,radhye@slc,81,HIGH,false,1,2026-09-26T17:54:27.790Z,""
6bd73383-a450-4d30-a47e-df4924142004,pranav_1790443116624,100,kumar,21,LOW,true,0,2026-09-26T17:59:35.874Z,""
6f3955ed-da63-4b35-a3da-8493716fbef4,pranav_1790443116624,1000000,jay,85,HIGH,true,0,2026-09-26T18:03:28.975Z,""
